title,url,date,description,scraped_at
Macba Life - Skateboard,https://macbalife.com/,"JULY 9, 2025","Macba Life - Girls with attitude. Meeting the female skaters at Macba Experiences, feelings, and opinions‚Ä¶",2026-02-26 20:26:12
How To Access MACBA in Skate Style - YouTube,https://www.youtube.com/watch?v=k4Vr_5MTSu4,,"I showcase how to skate in MACBA freely in Skate Style, it's pretty simple. All you have to do is access the tutorial, close the game and then relaunch the g...",2026-02-26 20:26:12
MACBA: The Full History Behind This Legendary Spot,https://doseskateboarding.com/articles/macba-the-full-history-behind-this-legendary-spot,2023-11-21T21:59:00Z,"Discover the rich history and vibrant culture behind MACBA (Museu d'Art Contemporani de Barcelona), an iconic skate spot and cultural hub in the Raval neighborhood. Learn about its evolution from a skater's paradise to a symbol of Barcelona's creativity and free expression. Join the global skateboarding community and celebrate the legacy of MACBA.",2026-02-26 20:26:12
Exploring the Legendary MACBA: The Heart of Skateboarding in Barcelona,https://skatesided.com/exploring-the-legendary-macba-the-heart-of-skateboarding-in-barcelona/,2024-08-28,"Aug 28, 2024MACBA isn't just a local favorite; it's a global gathering spot for the skateboarding community. Skaters from all over the world flock to Barcelona to experience MACBA firsthand. On any given day, you'll find a diverse group of skaters‚Äîlocals and travelers alike‚Äîsharing the plaza, filming lines, and cheering each other on.",2026-02-26 20:26:12
We can get back to MACBA...but how? :: Skate Style General Discussions,https://steamcommunity.com/app/3862790/discussions/0/765183962306976515/,,"Actually that guy is right up there, didn't work the first time for me but if you force close when you're in the tutorial it will load up into macba and let you free skate.",2026-02-26 20:26:12
Barcelona's Famous MACBA Skate Spot: The End of an Era,https://www.skateboarding.com/news/barcelonas-famous-macba-skate-spot-the-end-of-an-era,,"Feb 23, 2025Barcelona's Famous SANTS Skate Spot Demolished, Remodel Underway Sad news from the Spanish skate Mecca as photos have surfaced of the famed skate plaza in ruins. However a new plaza is underway with construction expected to take eighteen months. üíªüõπ Don't miss another headline from TransWorld SKATEboarding!",2026-02-26 20:26:12
MACBA Skate Spot Barcelona - Sant Jordi Hostels,https://www.santjordihostels.com/skateboarding-barcelona-a-locals-guide-macba/,2017-01-01T11:07:42+00:00,"As many may already know or may have heard from a friend, MACBA is "" the skate spot in Barcelona "". Just in front of the Museu d'Art Contemporani de Barcelona, aka MACBA, is the meeting point for skateboarders and the skateboard scene in Barcelona and maybe the world. Even Wikipedia names it as being among ""the most well-known and respected places for modern skateboarding"". The skate ...",2026-02-26 20:26:12
Skateboarding Culture in Barcelona - A Hub for Urban Skaters,https://travelswithbibi.com/skateboarding-culture-in-barcelona/,2024-10-22T14:39:42+00:00,"Oct 22, 2024Key Takeaways Barcelona is a global skateboarding mecca with a rich history from the 1980s. Iconic skate spots like MACBA and Raval significantly influence the city's urban landscape. The local skate community is inclusive and passionate and participates in workshops and events. Skate shops like Amigos and Rufus Macba are central to the local skate scene. Collaboration with the government ...",2026-02-26 20:26:12
MACBA: Skate Register | Bastien Salabanzi - The Berrics,http://skatematic.com/skateboard-video/436902/macba-skate-register-bastien-salabanzi/,,"MACBA: Skate Register | Bastien SalabanziThe Museu d'Art Contemporani de Barcelona, or MACBA for short, has become a proving ground spot that has shaped the skateboarding scene in Barcelona for decades. From its iconic ledges, massive 3/4 block, and ...",2026-02-26 20:26:12
The Skater Tribe Flourishing on the Streets of Barcelona,https://supertravelr.com/en/trip/spain/the-skater-tribe-flourishing-on-the-streets-of-barcelona-59E5C2A6DC/,2022-05-31T12:26:33.625Z,"Barcelona is a skater's dream come true, especially at MACBA Square. supertravelr takes a closer look at the local skate scene.",2026-02-26 20:26:12
This game is gonna be something SERIOUS for skate sim players Game ...,https://www.facebook.com/reel/1441968870893846/,,"Iconic Real-World Maps Barcelona - Skate MACBA and beyond, from plazas to hidden alleys. Stalin Plaza (Prague) - The legendary flatground spot recreated in stunning detail.",2026-02-26 20:26:13
@azulain crocked #macba | Spiry Skate | Facebook,https://www.facebook.com/reel/2066713080560704/,,"@azulain crocked Ô∏è #macba Kiattisak Wongintra and 650 others Û∞ç∏ 651 Û∞§¶ 10 Last viewed on: Feb 24, 2026",2026-02-26 20:26:13
Skate Style on Steam,https://store.steampowered.com/app/3862790/Skate_Style/,,"Skate Style is a next-gen skateboarding game with high-end graphics, an advanced character creator, and a built-in animation editor. Skate iconic spots like Barcelona and Prague, create your style, and share it with friends. Enjoy precise dual stick controls for ultimate trick freedom.",2026-02-26 20:26:13
Iconic Skate Spots. Le Dome in Paris and MACBA in Barcelona.,https://www.youtube.com/shorts/4qFWkgWl5s4,2026-02-23T07:28:53-08:00,"Skating two of the most iconic street skating spots in all of the world. Le Dome in Paris, France and Macba in Barcelona, Spain. Danny Flanagan Waffle Crew.",2026-02-26 20:26:13
Kickflip down the set at macba #skate #fyp #foryou #barcelona #gundoga ...,https://www.tiktok.com/@milanbatata/video/7406292615802391840,,"39 me gusta,Video de TikTok de Mil√°n Batata (@milanbatata): ""Kickflip down the set at macba #skate #fyp #foryou #barcelona #gundogan #macba"".original sound - Mil√°n Batata.",2026-02-26 20:26:13
Shop last resort ab cap 6 panel script soft peak (olive drab) online ...,https://www.amigosskateshop.com/products/last-resort-ab-cap-6-panel-script-soft-peak-olive-drab/,,"Order last resort ab cap 6 panel script soft peak (olive drab) online at AMIGOS Skateshop = The best choice at the best price for buying skates, sneakers, and clothing!",2026-02-26 20:26:13
2017 rutina por fake macba #skateboardvibes #skate #santiagocentro ...,https://www.youtube.com/watch?v=cIab9eelEUw,2026-02-23T17:41:35-08:00,"Enjoy the videos and music you love, upload original content, and share it all with friends, family, and the world on YouTube.",2026-02-26 20:26:13
MACBA SKATEBOARDING BARCELONA (@macba_sb) ‚Ä¢ Instagram photos and videos,https://www.instagram.com/macba_sb/,,"9,666 Followers, 1,633 Following, 764 Posts - MACBA SKATEBOARDING BARCELONA (@macba_sb) on Instagram: ""üì© macbaskateboarding@gmail.com #macbasb @macba_sb""",2026-02-26 20:26:13
Free Skate Magazine ¬ª Keep MACBA skating,https://www.freeskatemag.com/2019/11/08/keep-macba-skating/,,"The SAVE MACBA campaign is working to educate skaters on how they can enjoy the spot and live alongside the non-wheeled community. ""If people get more conscientious about it we will keep the spot.""",2026-02-26 20:26:13
"El s√°bado estuve 12 horas en Barcelona sacando fotos en anal√≥gico, el ...",https://www.tiktok.com/@pablojaubertt/video/7357744238248938784,,"Video de TikTok de Pablo Jaubert (@pablojaubertt): ""El s√°bado estuve 12 horas en Barcelona sacando fotos en anal√≥gico, el resultado lo podr√°n ver en dos semanas en YouTube. Hasta entonces, un peque√±o adelanto en digital de una sesi√≥n de skate en el MACBA. #skate #macba #barcelona #photography #fyp"".sonido original - Pablo Jaubert.",2026-02-26 20:26:13
Macba Life - YouTube,https://www.youtube.com/@MacbaLife,,BEST SKATEBOARDING IN THE BEST PLACE IN THE WORLD. We also will still giving to you the best MACBA updates thought instagram & twitter. Subscribe now and be the first to know what happend at MACBA ...,2026-02-26 20:26:13
"Steven Damron Author | Pla√ßa dels √Ängels, the square in front of MACBA ...",https://www.facebook.com/groups/stevendamron/posts/314739751220565/,,"Pla√ßa dels √Ängels, the square in front of MACBA, is the de facto skateboard park in Barcelona. That all changes in November when construction starts to expand the contemporary art museum, build a...",2026-02-26 20:26:13
MACBA / Spain - Barcelona - Surfergalaxy,https://surfergalaxy.com/skate/macba-spain-barcelona/,,"In fact, the Raval neighbourhood where MACBA is has a polished floor and sidewalks that you can comfortably skate on, for example to Paral-lel. It's recommended to visit the other parks like Universitat, which is very close by along with Paral-lel and Sants.",2026-02-26 20:26:13
Instagram,https://www.instagram.com/p/DU_71PfDm08/,2026-02-20T23:58:00.000Z,"Share edits and showcase your style. Iconic Real-World Maps Barcelona - Skate MACBA and beyond, from plazas to hidden alleys. Stalin Plaza (Prague) - The legendary flatground spot recreated in stunning detail. Built for the Community - Mod support, replay sharing, and regular updates create a platform for skaters, creators, and filmers.",2026-02-26 20:26:13
#macbalife (@macbalife) ‚Ä¢ Instagram photos and videos,https://www.instagram.com/macbalife/,,"395K Followers, 447 Following, 7,776 Posts - #macbalife (@macbalife) on Instagram: ""#SAVEMACBA #RESPECTTHEPLAZA üóë BARCELONA STORE - SALES üëáüèø""",2026-02-26 20:26:13
MACBA Is The Place To Skate in Barcelona - Parallel,https://staygenerator.com/parallel/barcelona/sports/macba-is-the-place-to-skate,,"And that lack of enforcement is a beautiful reminder of how well people can self-regulate when left to their own devices, MACBA's friendly atmosphere is proof of this. In a hectic, touristy city like Barcelona, MACBA offers respited.",2026-02-26 20:26:13
Is the skateboarding spot MACBA in Barcelona overrated?,https://www.livetheworld.com/post/is-the-skateboarding-spot-macba-in-barcelona-overrated-u5yp,2022-11-23T15:03:26.522Z,"The most prominent place to skate in the world is MACBA. It's a* connection point *of the world of skaters. Brazil, Colombia, US, China, Russia, Norway meet up inside Spain (not inside Spain but inside Catalunia for the politically correct). The place is loaded with a super long ledge, a 5 stair, a big 3 block and some other fancy obstacles.",2026-02-26 20:26:13
They are destroying SKATEBORDINGS MECCA - the History of Skateboardings ...,https://www.youtube.com/watch?v=jTmn48WVpjs,2025-03-16T11:00:06-07:00,"SAVE MACBA Petition: https://www.change.org/p/save-macba Discover the history, legacy, and uncertain future of MACBA, the world's most iconic skateboarding spot in Barcelona, in this deep dive ...",2026-02-26 20:26:13
MACBA Barcelona - LiveSkate,https://liveskate.com/skateparks/barcelona-macba/,,El MACBA de Barcelona: Un museo de arte contempor√°neo que tambi√©n es un icono del skate y la cultura urbana.,2026-02-26 20:26:13
Facebook,https://www.facebook.com/reel/926071509818034/,,@griverdoor Jumping off a buildingËêΩ #ReapersGrip available at @havoc_skate_co #Skateboarding #ReapersGriptape #Skate,2026-02-26 20:26:13
Barcelona skate spots map - O√π skater √† BCN ? - La Skateosphere,https://laskateosphere.com/barcelona-skate-spots-map/,,"Barcelona skate spots map En vacances √† Barcelone ? D√©placez-vous rapidement de spot en spot gr√¢ce √† la Barcelona skate spots map. Du plus connu comme le Macba aux plans inclin√©s les plus originaux. Pour une meilleure navigation, rendez-vous sur un ordinateur et cliquez sur le mode plein √©cran en haut √† droite de la skate spots map.",2026-02-26 20:26:13
Skate Style How to Free Skate on MACBA Map - YouTube,https://www.youtube.com/watch?v=EqkpyTX2yA4,2026-02-06T11:24:55-08:00,This is how you can skate the MACBA Map in the new Skate Style DemoAvailable on Steam: https://store.steampowered.com/app/3862790/Skate_Style/,2026-02-26 20:26:13
"boat applied by standing in your board, have fun! #skatetok #tutorial ...",https://www.tiktok.com/@switchflipjones/video/7046377389210979631,,"Share edits and showcase your style. Iconic Real-World Maps Barcelona - Skate MACBA and beyond, from plazas to hidden alleys. Stalin Plaza (Prague) - The legendary flatground spot recreated in stunning detail. Built for the Community - Mod support, replay sharing, and regular updates create a platform for skaters, creators, and filmers.",2026-02-26 20:26:13
MACBA: Skate Register | Bastien Salabanzi - YouTube,https://www.youtube.com/watch?v=8lsVYg7nTNA,2023-12-19T08:00:06-08:00,"The Museu d'Art Contemporani de Barcelona, or MACBA for short, has become a proving ground spot that has shaped the skateboarding scene in Barcelona for deca...",2026-02-26 20:26:13
Shop parra cap 6 panel end the (black) online | AMIGOS Skateshop,https://www.amigosskateshop.com/products/parra-cap-6-panel-end-the-black/,,"Order parra cap 6 panel end the (black) online at AMIGOS Skateshop = The best choice at the best price for buying skates, sneakers, and clothing!",2026-02-26 20:26:13
"""Le centre du monde du skate"" : la place du MACBA, √† Barcelone, risque ...",https://www.radiofrance.fr/franceinfo/podcasts/echos-du-monde/le-centre-du-monde-du-skate-la-place-du-macba-a-barcelone-risque-de-disparaitre-8501590,2025-03-04T14:16:30.000Z,"Apr√®s le succ√®s du skate aux Jeux olympiques de Paris, la Mecque mondiale du skate √† Barcelone risque de dispara√Ætre. La place du MACBA est menac√©e de d√©molition, ce qui provoque une lev√©e de boucliers.",2026-02-26 20:26:13
MACBA Famous Ledge has Been Renovated,https://doseskateboarding.com/articles/mamba-famous-ledge-has-been-renovated,2020-11-05T09:27:00Z,"MACBA in Barcelona is one of the iconic skate spots in the world. It's a place that many skaters visit just to pay homage to a locale that hundreds of skateboarders have hit up. The spot is so famous that there's an entire group, MACBA Life, dedicated to the Barcelona skating hotspot. They film videos there all the time, but that's not all. MACBA Life makes efforts to keep the MACBA up ...",2026-02-26 20:26:14
DECKS - Macba Life,https://macbalife.com/product-category/skateboards/,,"Macba Life Rasta 8,0¬¥ Skateboard 64,95 ‚Ç¨Original price was: 64,95‚Ç¨. 49,95 ‚Ç¨Current price is: 49,95‚Ç¨. 100% hard rock maple. Made in Europe. Medium concave.‚Ä¶ Add to cart Load more",2026-02-26 20:26:14
Macba Life | Barcelona,https://www.facebook.com/macbalife/,,"Macba Life, Barcelona. 21,615 likes ¬∑ 10,385 talking about this. All about the best skateboarding in MACBA Follow us on instagram",2026-02-26 20:26:14
GoPro Skate: Best Moments of Spain's MACBA Life 2018,https://www.youtube.com/watch?v=CTtLeUNDzE0,2019-02-06T09:02:20-08:00,"MACBA, Barcelona is famous around the world as the Spanish mecca for skateboarders. This 2018 we teamed up with Macba Life to follow the community of skaters...",2026-02-26 20:26:14
Facebook,https://www.facebook.com/reel/1972909083651688/,,16hÛ∞ûãÛ±ò∫Sonu WorldwideÛ∞ûãÛ±ü† Û≥Ñ´ Always a good skate trip‚Ä¶ üëÄüòÆ‚Äçüí®üò¨üòÇ #skate #skateboarding #funny #comedy #relateable Always a good skate trip‚Ä¶ üëÄüòÆ‚Äçüí®üò¨üòÇ#skate#skateboarding#funny#comedy#relateable - at MACBA Museu d'Art Contemporani de Barcelona. Stefan Kinkaid and 31 others Û∞ç∏ 32 Û∞§¶ Last viewed on ...,2026-02-26 20:26:14
"Save Barcelona's MACBA Skate Spot, Sign The Petition",https://www.skateboarding.com/news/save-barcelonas-macba-skate-spot-sign-the-petition,,"The world famous museum in Barcelona, epicenter of the city's skate scene, is in danger of being destroyed. Sign the petition below to help skaters around the world!",2026-02-26 20:26:14
Patinar en el MACBA de Barcelona - Sant Jordi Hostels,https://www.santjordihostels.com/es/barcelona-skate-spot-macba/,2017-01-01T11:07:42+00:00,"La fama del MACBA como punto de encuentro de los skaters y escena de skate solo se compara su calidad actual como lugar de skate. El MACBA como lugar de skate en Barcelona es mundialmente famoso; en realidad un poco demasiado conocido, pero a√∫n as√≠ es genial.",2026-02-26 20:26:14
Uma manobra nova de Freestyle todos os dias Manobra 54 - Handstand Flip ...,https://www.facebook.com/reel/918646157452009/,,Uma manobra nova de Freestyle todos os dias Manobra 54 - Handstand Flip Crossfooted #freestyleskateboarding #skateboard #skate #skatebrasil #skatista,2026-02-26 20:26:14
Macba Life - YouTube,https://www.youtube.com/c/macbalife,,BEST SKATEBOARDING IN THE BEST PLACE IN THE WORLD. We also will still giving to you the best MACBA updates thought instagram & twitter. Subscribe now and be the first to know what happend at MACBA ...,2026-02-26 20:26:14
Skateurs vs. Mairie de Barcelone : la bataille du MACBA,https://www.equinoxmagazine.fr/2024/04/21/travaux-skateurs-macba/,2024-04-21T02:00:42+01:00,"Le plan de r√©am√©nagement de la Pla√ßa dels √Ängels, place embl√©matique situ√©e devant le mus√©e d'Arts Contemporains du MACBA et spot historique du skate, a √©t√© d√©voil√© en mars dernier par le maire de Barcelone Jaume Collboni.",2026-02-26 20:26:14
Barcelona Skateboarding „Äú The Insiders Guide,https://barcelonanavigator.com/barcelona-skateboarding-guide/,2024-10-10T09:59:00+00:00,"Barcelona offers fantastic skate spots across the city with flat smooth ground and rails, from beside the sea to urban spaces in the heart of the city. Here are the top spots, starting with MACBA, the epicenter of skateboarding in Barcelona.",2026-02-26 20:26:14
"""Le centre du monde du skate"" : la place du MACBA, √† Barcelone, risque ...",https://www.franceinfo.fr/replay-radio/echos-du-monde/le-centre-du-monde-du-skate-la-place-du-macba-a-barcelone-risque-de-disparaitre_7080696.html,2025-03-04T16:28:53+01:00,"Apr√®s le succ√®s de la discipline aux Jeux olympiques de Paris, la Mecque mondiale du skate √† Barcelone risque de dispara√Ætre. La place du MACBA est menac√©e de d√©molition, ce qui provoque une lev√©e de boucliers.",2026-02-26 20:26:14
The Barcelona skate scene overview,https://www.livetheworld.com/post/the-barcelona-skate-scene-overview-hjfh,2022-11-23T15:03:30.662Z,"The long **Macba **ledge and the **Macba big three stairs. The ledge has a lot of random people and people who sell beer. If you have a specific place that you want to skate at Macba, come in the day. At night it's possible to skate the end of the ledge, the flat ground, and the 5 stairs. What you can't skate at night is the outer ledge, unless you ask every person there to move (that would be ...",2026-02-26 20:26:14
Rufus Macba,https://rufusmacba.com/,2025-12-17T19:41:54Z,"Rufus Macba Offers, new products and launching. Directly to your device screen",2026-02-26 20:26:14
the art of skating macba | GoPro,https://gopro.com/en/us/news/the-art-of-skating-macba,"GOPRO TIPS FEB 6, 2019","The Barcelona Museum of Contemporary Art, best known as MACBA, is a famous clutural hotspot in Spain. But for skateboarders, MACBA is a melting pot of raw talent and nationalities that meet here to ride and progress together in the infamous plaza. This mecca of skateboarding and its unique architecture is full of features that are perfect for every style, transforming it into a dream location ...",2026-02-26 20:26:15
Exploring most famous SKATE spot of Barcelona: MACBA,https://www.youtube.com/watch?v=g0XruZcENoA,2022-09-25T13:48:26-07:00,"We enter the MACBA, one of the most famous skate spots in the world located in the Raval neighborhood of Barcelona, Spain. Discover all the skateable corners of this plaza and some of the tricks ...",2026-02-26 20:26:15
"trip to ""MACBA"" Session Skate Sim - YouTube",https://www.youtube.com/watch?v=lWIr9iP8K_E,2024-09-13T15:10:17-07:00,"Recreation of the legendary spot in Barcelona, MACBA by puzzledpeach.Got a few sessions done, great detail, great job.#halftoneskateboards#accessfootwear",2026-02-26 20:26:15
Nice documentary about Barcelona's world famous skate spot. MACBA ...,https://www.reddit.com/r/Barcelona/comments/18srn4l/nice_documentary_about_barcelonas_world_famous/,,Walking past MACBA many people don't realise how legendary this spot is to the world of skateboarding. This video gives a good overview on how MACBA became a skateboarding Mecca.,2026-02-26 20:26:15
Macba and parallel barcelona skateboarding - YouTube,https://www.youtube.com/watch?v=k8g1Y6Vms-c,2025-03-23T05:30:43-07:00,Skateboarding at MACBA has become a cultural landmark. Parallel also attracts skaters from all over the world. The museum is often bustling with skaters prac...,2026-02-26 20:26:15
MACBA Life: la rep√∫blica independiente del skate,https://www.yorokobu.es/macbalife/,2017-05-14T22:16:52+00:00,"La rep√∫blica independiente del skate est√° en Barcelona. Concretamente, en la Pla√ßa dels √Ängels. A las puertas del MACBA, patinadores de todo el mundo acuden ah√≠ para demostrar su destreza. Pero esta plaza es mucho m√°s. En ella se dan cita estudiantes, turistas, cantantes callejeros ...",2026-02-26 20:26:15
Skating The Legendary MACBA Spot! - Session - YouTube,https://www.youtube.com/watch?v=KcGo8NA6rCg,2020-04-27T10:00:08-07:00,Learn to skate like a pro in all stances with our unique and first-ever stick per foot control system. Filming has always been a big part of the skateboarding culture.,2026-02-26 20:26:15
C√≥mo la plaza del Macba se convirti√≥ en meca mundial del monopat√≠n ...,https://www.elperiodico.com/es/cultura/pop/20250222/historia-cultura-skater-barcelona-plaza-macba-114499905,2025-02-22T12:00:44+01:00,"La plaza del Macba m√°s all√° del skate: cuando fue la oficina del trap Barcelona dise√±a para 2027 una plaza dels √Ängels con CAP, Macba ampliado y menos 'skaters'",2026-02-26 20:26:15
Macba - YouTube,https://www.youtube.com/watch?v=mWnBfyvtL74,2019-05-09T05:10:40-07:00,"All 14 gaps from the Macba skatepark on the True Skate app, plus a bonus gap of my creation!Music: http://www.bensound.com/royalty-free-music",2026-02-26 20:26:15
"Macba Life Rasta 8,0 ÃÅ Skateboard",https://macbalife.com/product/macba-life-rasta-80-skateboard/,,"Macba Life Rasta 8,0¬¥ Skateboard 64,95 ‚Ç¨ 49,95 ‚Ç¨ Add to Cart Shipping and Returns",2026-02-26 20:26:15
Shop - Macba Life,https://macbalife.com/shop/,,"OG Twilight Tee - Black 34,95 ‚Ç¨Original price was: 34,95‚Ç¨. 29,95 ‚Ç¨Current price is: 29,95‚Ç¨.",2026-02-26 20:26:15
Best Skateboarding Spots in Barcelona - Top Places to Shred,https://travelswithbibi.com/best-skateboarding-spots-in-barcelona/,2024-10-22T13:59:29+00:00,"Skate through Barcelona's diverse skateboarding spots, from iconic MACBA to hidden DIY gems; discover what makes each location a must-visit for any skater.",2026-02-26 20:26:15
Macba skate spot in Barcelona - YouTube,https://www.youtube.com/watch?v=xDFoN5H_pWk,2017-07-11T01:35:39-07:00,"As many may already know or may have heard from a friend, MACBA is ""the skate spot in Barcelona"" More about this spot: https://www.santjordihostels.com/skate...",2026-02-26 20:26:15
Skating MACBA & The Streets of Barcelona - YouTube,https://www.youtube.com/watch?v=TXvR-eZ2ZRU,2017-05-31T10:28:59-07:00,More worldwide skate adventures here! http://win.gs/SkateDaWorld Kick it with the locals in Barcelona as we go street-level in the capital city of skateboarding. _...more,2026-02-26 20:26:15
True Skate Official Page | SAVE MACBA! One of the most beloved skate ...,https://www.instagram.com/reel/DGtUwRvtfYn/,2025-03-02T19:11:27.000Z,"2,891 likes, 17 comments - trueskateofficial on March 2, 2025: ""SAVE MACBA! One of the most beloved skate spots in the world is in danger of getting destroyed and wonderful people over at @macbalife and @savemacba need your help! Head to the link in our bio to sign the petition, use the hashtag #savemacba to raise awareness, follow @savemacba and @macbalife ! This place has so much history ...",2026-02-26 20:26:15
¬øC√≥mo es el MACBA? El sitio m√°s importante de skate del Mundo ...,https://www.youtube.com/watch?v=_riFMRdpHjg,2023-07-25T17:00:08-07:00,Me sorprend√≠ llegar a este lugar por dos cosas. La primera es que es increiblemente brutal y la segunda es que tiene un lado oscuro. Bienvenidos al MACBA en ...,2026-02-26 20:26:16
C√≥mo la plaza del Macba se convirti√≥ en meca mundial del monopat√≠n ...,https://www.elperiodico.com/es/ocio-y-cultura/20250305/plaza-macba-convirtio-meca-mundial-monopatin-cultura-skaker-barcelona-historia-118232134,2025-03-05T04:50:56+01:00,"Quiz√° tambi√©n acaben all√≠ porciones del z√≥calo del Macba y de la plaza de los √Ängels (m√°s conocida como del Macba) si, como temen los patinadores, la remodelaci√≥n del conjunto los expulsa.",2026-02-26 20:26:16
Bastien Salabanzi Talks Macba & How it Became a Legendary Skate Spot,https://shredder.news/bastien-salabanzi-talks-macba/,2023-12-20T03:55:07+00:00,Macba is more than just a spot - it's a hallowed ground where legends are born and the art of skateboarding continues to evolve.,2026-02-26 20:26:16
KING OF MACBA 4 - Gabriel Fortunato VS Tiago Lemos - Battle 13 ...,https://www.youtube.com/watch?v=BLHD7B0JBes,2021-11-18T08:56:06-08:00,"RULESKing of Macba is a game of skate where anything in the plaza count (ledge, stairs etc...) It's one attempt each until the word MACBA is spelled out. Sp...",2026-02-26 20:26:16
Go Skateboarding Day 2016 at Macba - Barcelona - YouTube,https://www.youtube.com/watch?v=bDiblF9BDaU,2016-06-22T10:09:45-07:00,Macba is one of the best places to skate in the world so what better place to spend Go Skate Day than at Macba? A bunch of folks got together at Macba to cel...,2026-02-26 20:26:16
GoPro: Skate Queens of Barcelona | MACBA Life - YouTube,https://www.youtube.com/watch?v=pr_heFjClWU,2021-08-31T09:29:50-07:00,"The MACBA Girls take on the iconic plaza üí™ ""Girls with Attitude"" filmed and edited by GoPro Family member Gonzalo Gonzalez De Vega with GoPro HERO9 Black an...",2026-02-26 20:26:16
Adi√≥s al Macba como epicentro mundial del skate,https://as.com/deportes_accion/urbano/adios-al-macba-como-epicentro-mundial-del-skate-n/,2024-03-05T12:57:37+01:00,Adi√≥s al Macba como epicentro mundial del skate El Ayuntamiento de Barcelona anuncia el proyecto con el que el m√≠tico muro dejar√° de ser un para√≠so skater para convertirse en zona de estancia ...,2026-02-26 20:26:16
This one's just about respect. No ego. No hype. Just appreciation for ...,https://www.facebook.com/reel/26229622473335683/,,Skate culture lives because of them. üíª @brizen.ai #respect #legends #skateboarding #oldschool #referencias | Brizen AI | Facebook Û±°ò Brizen AI ReelsÛ∞ûãFeb 18Û∞ûãÛ±ò∫OMAÛ∞ûãÛ±ü† Û≥Ñ´ This one's just about respect. No ego. No hype. Just appreciation for the legends who gave so much to skateboarding. This is only a small group featured in ...,2026-02-26 20:26:16
MACBA Skate Park,https://macbaskatepark.blogspot.com/,"dimecres, 21 de desembre del 2011
Els skaters s'ap",MACBA Skate Park a 12:50 Cap comentari: Envia per correu electr√≤nicBlogThis!Comparteix a XComparteix a FacebookComparteix a Pinterest,2026-02-26 20:26:16
Exploring MACBA Skate Spot in Barcelona Spain,https://www.youtube.com/watch?v=cYwurRAGSMU,2022-09-24T13:07:24-07:00,"Today Levi is live on location in Barcelona, Spain. He talks about tricks and tips of visiting MACBA, places to buy boards, food and drinks nearby.Let us kno...",2026-02-26 20:26:16
Skate Style MACBA - YouTube,https://www.youtube.com/watch?v=sb-LPuts0nA,2026-02-10T10:01:04-08:00,Some clips i made at the macba skate spot in Skate StyleGet Skate Style Demo on Steam: https://store.steampowered.com/app/3862790/Skate_Style/,2026-02-26 20:26:17
Session Skate Jams 5 - MACBA - YouTube,https://www.youtube.com/watch?v=qjs5OEk0cPk,2024-11-26T12:54:25-08:00,clips from MACBA by puzzledpeach#sessionskatesim #session #sessionskategame,2026-02-26 20:26:17
Jart Macba Life Skateboard Deck | SkatePro,https://www.skatepro.com/en-us/209-32019.htm,,"A tribute to one of the most recognizable skate spots in the world Do you plan to go visit Barcelona, the skate capital of Europe? Then you should definitely stop by the well-known Macba Plaza for a session. Just as the name and graphics indicate, The Macba Life skateboard by Jart is designed as a tribute to this influential street spot located just in front of Barcelona's Museum of ...",2026-02-26 20:26:17
King Of MACBA 6: Angelo Caro Vs. Cody Cepeda - Round 1: Presented By ...,https://www.youtube.com/watch?v=3WFj7GcZZyw,2024-02-18T08:00:04-08:00,Olympian Angelo Caro takes on the BATB 7 champion Cody Cepeda in the first game of King of MACBA 6 presented by Cariuma with additional support from Blue Tom...,2026-02-26 20:26:17
Macba Life - King of Macba 2020 highlights - YouTube,https://www.youtube.com/watch?v=xpEqJ2ZCwd8,2020-04-14T09:42:59-07:00,"A compilation of the King of Macba 2020¬¥s best moments. Featured skaters: Jorge Simoes, Didrik Galasso, Thaynan Costa, Dlamini Dlamini, Nassim Lachhab, Bla...",2026-02-26 20:26:18
Macba Life - YouTube,https://www.youtube.com/channel/UCF590iDlsFobw2KwvJq0FfA,,BEST SKATEBOARDING IN THE BEST PLACE IN THE WORLD. We also will still giving to you the best MACBA updates thought instagram & twitter. Subscribe now and be the first to know what happend at MACBA ...,2026-02-26 20:26:18
Skateboarding Spots in Barcelona - Sant Jordi Hostels,https://www.santjordihostels.com/skateboarding-spots-in-barcelona/,2010-06-24T12:27:32+00:00,"Macba Skate Spot The Museum for Contemporary Art is just a 15 minute walk from Sant Jordi Hostel Rock Palace. Near the city centre, the MACBA is open for skateboarding on Sundays and Tuesdays. When you get here, you will find a famous huge 4 stair and ledges drops and stairs.",2026-02-26 20:26:18
"Macba Life Dummy 8.2"" Skateboard Deck | Zumiez",https://www.zumiez.com/macba-life-dummy-8-2-skateboard-deck.html,,"From Macba Life, the Dummy skateboard deck arrives in an 8.2"" width, featuring a 32"" length and a 14"" wheelbase for a versatile size with a mellow shape perfect for skating Barcelona's famous art museum.",2026-02-26 20:26:18
MACBA expansion at the expense of,https://www.catalannews.com/society-science/item/macba-expansion-at-the-expense-of-skaters-community-we-are-citizens-too,"First published: APRIL 24, 2025 05:43 PM","MACBA gained its place in the global skating community featuring in many skating videos and even as a level in video games, globally attracting numerous skateboarders. ""You realize MACBA is a sacred place, it's like a holy place for skaters,"" Mario Cano, a skater and skate videographer, tells Catalan News.",2026-02-26 20:26:18
KING of Macba 6 kicks off with an epic battle,https://urbanworldseries.com/news/kingofmacba6contest-kicksoff/,2024-02-20T09:59:59+00:00,"KING of Macba is back with its 6th edition, a game of S.K.A.T.E (M.A.C.B.A) at the meca of Skateboarding: Macba skate spot in Barcelona.",2026-02-26 20:26:18
MACBA Under Threat as Skaters Fight to Preserve Barcelona's Iconic ...,https://shredder.news/save-macba/,2025-02-25T18:42:05+00:00,Barcelona's famous Macba skateboarding spot is under threat as skateboarders fight to preserve the iconic plaza.,2026-02-26 20:26:18
Macba Life - YouTube,https://www.youtube.com/@MacbaLife/videos,,BEST SKATEBOARDING IN THE BEST PLACE IN THE WORLD. We also will still giving to you the best MACBA updates thought instagram & twitter. Subscribe now and be the first to know what happend at MACBA ...,2026-02-26 20:26:18
Rufus (@rufusmacba) ‚Ä¢ Instagram photos and videos,https://www.instagram.com/rufusmacba/,,"73K Followers, 386 Following, 3,063 Posts - Rufus (@rufusmacba) on Instagram: ""Abiertos todos los d√≠as de 11:00 a 20:00""",2026-02-26 20:26:18
YouTube,https://www.youtube.com/watch?v=G0OfVRPzFZU,2011-07-29T08:42:05-07:00,"‚òæ Confira mais este v√≠deo produzido em Barcelona, num dos picos mais cl√°ssicos da cidade: o MACBA. Muito skate e manobras de peso dos brasileiros e skatistas...",2026-02-26 20:26:18
Barcelona Museum of Contemporary Art (MACBA),https://www.afar.com/places/barcelona-museum-of-contemporary-art-macba-barcelona,,"Not only is it a world famous modern art museum, but it's also a world famous skateboarding spot. The architecture in Spain is known as being great for skateboarders and they don't discourage it. But the MACBA specifically is known as THE spot to skate at. I enjoyed the art inside while my boyfriend enjoyed the art outside.",2026-02-26 20:26:18
Le d√©but de la fin pour les skaters du MACBA √† Barcelone,https://www.equinoxmagazine.fr/2025/01/15/travaux-a-barcelone-le-debut-de-la-fin-pour-les-skaters-du-macba/,2025-01-15T01:58:48+01:00,"L'annonce a √©t√© faite en mars 2024, mais les travaux ont tout juste d√©but√© : l'iconique pla√ßa dels Angels du MACBA commence sa m√©tamorphose. La place, qui depuis des ann√©es √©tait devenue un des lieux les plus connus du monde du skate international va donc expulser les sportifs √† roulettes, pour accueillir une extension du mus√©e et ...",2026-02-26 20:26:18
macba spot :: Session: Skate Sim General Discussions,https://steamcommunity.com/app/861650/discussions/0/4338725580143841660/,"22 Feb, 2024 @ 5:11pm","dear developers, I think many of the community will not mind that you make a macba spot in the new dlc ???",2026-02-26 20:26:18
King Of MACBA 6: Leandre Sanders Vs. Chase Webb - Round 1: Presented By ...,https://www.youtube.com/watch?v=t9H4YEWqqgo,2024-02-24T08:00:39-08:00,"Learn more about one of the most iconic spots of all time, and see why people from all over the world make it a desired destination, in our Skate Register video we did with Bastien Salabanzi ...",2026-02-26 20:26:18
"MACBA, una meca 'skater' en perill",https://www.elperiodico.cat/ca/oci-i-cultura/20250222/macba-meca-skater-perill-114591053,2025-02-22T23:26:00+01:00,"L'skate es va fer inseparable del grafiti i va estar present en el naixement de la cultura de club i de l'onada mestissa, amb Ojos de Brujo i Macaco actuant a l'Skateboard Jam Barcelona en qu√® es va celebrar el primer campionat de monopat√≠ de la ciutat. La zona del MACBA es va comen√ßar a enlairar com a punt skater a principis del segle ...",2026-02-26 20:26:18
Barcelona skate spots map - Where to skate in BCN? - La Skateosphere,https://laskateosphere.com/en/the-barcelona-skate-spots-map/,,"A Barcelona skate spots map On holiday in Barcelona? Move quickly from spot to spot with the Barcelona skate spots map. From the most famous Macba to the most original bank. For a better navigation, check the map from a computer and click on the full screen mode at the top right of the skate spots map.",2026-02-26 20:26:18
Macba Life - Short Story - YouTube,https://www.youtube.com/watch?v=53c4MHjlykQ,2020-05-13T09:55:52-07:00,The Gopro homies spent a few days in Macba to film with some locals and tell the story of our plaza with this short documentary. Featured skaters: Carlos Ne...,2026-02-26 20:26:19
Barcelona Gets A New MACBA - Skateboarding,https://www.skateboarding.com/news/barcelona-gets-a-new-macba,2009-12-24T22:09:16Z,"Barcelona's MACBA, one of the world's most infamous skate spots, comes out of a remodel with new ledges, stairs, and other features.",2026-02-26 20:26:19
Thrasher Magazine - Save MACBA Petition,https://www.thrashermagazine.com/articles/trash/save-macba-petition/,1/13/2025,"Macba's iconic blocks are known by every skater in the world, but they're in danger. Sign the petition to help save this skate landmark.",2026-02-26 20:26:19
Welcome to MACBA : r/session,https://www.reddit.com/r/session/comments/g73504/welcome_to_macba/,2020-04-24T06:10:22.188Z,A Subreddit for all things relating to Skate 3 and other Skate. games in the franchise! Check out the the Skate 3 discord <need new link> MembersOnline,2026-02-26 20:26:19
"New MACBA Map In Skater XL! | Chill Sesh, Skate Dice Mod, and more!",https://www.youtube.com/watch?v=-zjaZyR_ba8,2021-02-09T12:17:27-08:00,"New MACBA Map In Skater XL! | Chill Sesh, Skate Dice Mod, and more! FOLLOW MILKY ON TWITCH: / stillmilky SOCIALS Instagram: / stillmilky Twitter: / milky_irl All my stats, settings, mods, and more ...",2026-02-26 20:26:19
MACBA Museum of Contemporary Art of Barcelona,https://www.macba.cat/en/,FROM 14 FEBRUARY TO 28 SEPTEMBER 2026,"MACBA functions as a community of knowledge and discovery, complicity and critique, exchange and dialogue. An array of proposals, activities, programmes, publications, exhibitions and encounters configures the everyday life of this communal space that is our Museum.",2026-02-26 20:26:19
MACBA front yard is a big skate park - Review of MACBA Museu d'Art ...,https://www.tripadvisor.com/ShowUserReviews-g187497-d190623-r317837584-MACBA_Museu_d_Art_Contemporani_de_Barcelona-Barcelona_Catalonia.html,,"MACBA Museu d'Art Contemporani de Barcelona: MACBA front yard is a big skate park - See 1,013 traveler reviews, 1,048 candid photos, and great deals for Barcelona, Spain, at Tripadvisor.",2026-02-26 20:26:19
Rufus Macba,https://rufusmacba.com/pages/rufus-macba,,"RUFUS MACBA Located in beating heart of the city since 2009, we support skateboarding in all colours, shapes and forms. Find us open Monday to Saturday: 11:00 - 20:00 Sunday: Closed",2026-02-26 20:26:19
LET'S MEASURE THESE LEGENDARY SPOTS! - Jenkem Magazine,https://www.jenkemmag.com/home/2017/05/19/lets-measure-legendary-spots/,2017-05-19T17:04:09+00:00,"We're trying to document the highest, longest and most fucked spots in skate history.",2026-02-26 20:26:19
MSN,https://www.msn.com/en-us/movies/celebrity/barcelonas-famous-macba-skate-spot-the-end-of-an-era/ar-AA1zCBqW,,MSN,2026-02-26 20:26:19
Macba review | True Skate - YouTube,https://www.youtube.com/watch?v=qmvYwHYrbqM,2018-04-09T03:53:09-07:00,"in this video i'll show you guys the skatepark Macba leave a like or not, i'm just doing these videos to show you the park Is this park good or not? - i thin...",2026-02-26 20:26:19
Berrics - Experience the iconic MACBA spot right at your... | Facebook,https://www.facebook.com/berrics/posts/experience-the-iconic-macba-spot-right-at-your-feet-with-this-new-limited-editio/762291829271047/,,Experience the iconic MACBA spot right at your feet with this NEW Limited Edition Skate Register: MACBA board. Now available in the @berricscanteen!! Get yours now before they're gone. LINK IN BIO ...,2026-02-26 20:26:19
The 7 Best Skate Plazas in the World You Need To Visit - Skateboarding,https://www.skateboarding.com/news/best-skate-plazas-in-the-world,2025-03-14T17:10:15Z,"Its Museum of Contemporary Art, aka MACBA, sat smack dab in the middle of the city and was the most epic meet-up spot/spend all day plaza. The four-block in the back became as famous as its ledges out front.",2026-02-26 20:26:19
Skateboarding Barcelona: Best Guide to the City's Best Spots,https://www.bcn.travel/es/skateboarding-barcelona/,2024-09-15T14:14:43+08:00,"Explore the vibrant skateboarding Barcelona scene - from iconic spots like MACBA to hidden gems, perfect for skaters of all levels.",2026-02-26 20:26:19
"MACBA - Skate Spot in Barcelona, Spain - SkateScope",https://www.skatescope.com/browse/spot/122,,"World famous spot!. Stairs, Manual Pad, Ledge",2026-02-26 20:26:19
DC Kalis OG X Macba Life Size US 11.5 | #3864718791,https://www.worthpoint.com/worthopedia/dc-kalis-og-macba-life-size-11-3864718791,,DC Kalis OG X Macba Life Size US 11.5. Shoes are brand new in the box.,2026-02-26 20:26:21
10 Best Skate Spots in Barcelona You Must Visit | Hostelworld,https://www.hostelworld.com/blog/best-places-skating-barcelona/,2016-10-05T16:16:53+00:00,"Discover Barcelona's best skate spots, from MACBA to Mar Bella Skatepark. Get tips, locations, and insider recommendations for skating in Barcelona!",2026-02-26 20:26:21
"Macba Life Pigeon 8.2"" Skateboard Deck | Zumiez",https://www.zumiez.com/macba-life-pigeon-8-2-skateboard-deck.html,,"Description Offered in a popular 8.2"" width, Macba Life delivers the Pigeon skateboard deck with a mellow concave and a 7-ply maple construction. Designed to skate the Museum of Contemporary Art in Barcelona aka ""Macba"", the board's graphic displays a sketchbook rendition of a pigeon with a severed head over a black background with branding ...",2026-02-26 20:26:21
O√π faire du skate √† Barcelone,https://www.equinoxmagazine.fr/2016/03/07/ou-faire-du-skate-a-barcelone/,2016-03-07T11:57:20+01:00,"Voici quelques lieux incontournables pour faire du skate √† Barcelone, pour novices ou professionnels.",2026-02-26 20:26:21
"Barcelona, una capital skater que dice adi√≥s al Macba",https://www.lavanguardia.com/cultura/20240323/9570582/barcelona-capital-skater-adios-macba.html,2024-03-23T05:00:00Z,"Un joven lanza su monopat√≠n al suelo solo llegar a la plaza dels √Ängels, llamada popularmente del Macba porque ah√≠ se ubica el Museo de Arte Contempor√°neo de Barcelona. Sus amigos, que se unen ...",2026-02-26 20:26:21
"MACBA - Skate Spot in Barcelona, Spain - SkateScope",https://www.skatescope.com/find-spot/macba,,"World famous spot!. Stairs, Manual Pad, Ledge",2026-02-26 20:26:21
"The History of ICONIC Skate Spots 2 (macba, southbank, Brooklyn banks)",https://www.youtube.com/watch?v=GCG4UzJzI4I,2020-05-27T09:00:15-07:00,"The History of ICONIC Skate Spots (El Toro, Lyon 25, Wallenberg) Bari Weiss: Last Week Tonight with John Oliver (HBO) The Dark Side Of Skateboarding - The Story Of Antwuan Dixon",2026-02-26 20:26:21
MSN,https://www.msn.com/en-us/society-culture-and-history/pop-culture/barcelona-s-famous-macba-skate-spot-the-end-of-an-era/ar-AA1zCBqW,,MSN,2026-02-26 20:26:21
Skate Spots in Barcelona,https://americansinbarcelona.com/skate-spots-barcelona/,2023-11-13T08:43:01+00:00,"Skate spots in Barcelona MACBA, the most famous skate spot in Barcelona Definitely the most iconic skate spot in the city. MACBA is actually one of the most important museums in the city, and besides the art, this spot also gives the name to the most famous skate spot to practice skateboarding in Barcelona.",2026-02-26 20:26:21
YouTube,https://www.youtube.com/watch?v=i59KmdMT8Fs,2026-02-08T20:52:05-08:00,steezy macba session in skate style game. You can unlock macba by completing the tutorial or skipping through each specific step until the end.,2026-02-26 20:26:21
We Charted Some of Skateboarding'S Most Iconic Spots,https://www.jenkemmag.com/home/2017/07/27/charted-skateboardings-iconic-spots/,2017-07-27T14:42:20+00:00,"MACBA Since these Spanish blocks of marble have been circumcised to a less impressive 3-block, we had to include MACBA in its original 4-block glory. Back when Barcelona was the staple spot for international footage in a skate video, this was the most recognizable and most destroyed spot.",2026-02-26 20:26:21
‚ÄéTrue Skate on the App Store,https://apps.apple.com/us/app/true-skate/id549105915,2026-02-12T20:00:00.000Z,"""True Skate is clearly something special"" - 4.5/5 - Touch Arcade review. True Skate‚Ñ¢ is the closest feeling to real-world skateboarding, with a decade long evolution as the ultimate skateboarding sim. Note: True Skate‚Ñ¢ comes with a single skatepark and contains additional content available via In-App Purchase or Subscription. See below.",2026-02-26 20:26:21
The Best Places To Skate In Barcelona,https://theculturetrip.com/europe/spain/articles/the-best-places-to-skate-in-barcelona,2026-02-23T19:31:34+00:00,"MACBA The Museum of Contemporary Art Barcelona is by far the most recognizable place for skaters around the world. It all began in the late 90s, when the 'MACBA Big Four', was featured in a skate movie called 'Misled Youth.' The Big Four was a ledge with four stairs that were wide enough to do skating tricks on.",2026-02-26 20:26:23
"Hudson da Paz , direto do MACBA Barcelona, mandando um SS 360 Flip co ...",https://www.tiktok.com/@strongertrucks/video/7596282483553979656,,"V√≠deo do TikTok de Stronger Trucks (@strongertrucks): ""Hudson da Paz , direto do MACBA Barcelona, mandando um SS 360 Flip com muito estilo. Sempre com seus STRONGER TRUCKS. Corra at√© a skate shop mais pr√≥xima e adquira agora seus STRONGER TRUCKS. #skateboard #skateboardingisfun #strongertrucks #skate"".som original - Stronger Trucks.",2026-02-26 20:26:23
Is this the end of MACBA? We had a quick tchat with Alex Braza from ...,https://sundaiskatemag.com/is-this-the-end-of-macba-we-had-a-quick-tchat-with-alex-braza-from-macba-life-to-know-what-the-hell-is-happening/,2025-03-05T19:12:46+00:00,The weather over there is perfect. January can be super cold all-around Barcelona but the ground in granite is still warm and agreeable to skate. You can start with a game of skate with Daniel LeBron and then skate the ledge or another shit with another homie. For me it's the warm up spot and then a perfect spot to spend the day.,2026-02-26 20:26:23
MACBA // Skate :: Behance,https://www.behance.net/gallery/35898481/MACBA-Skate,April 8th 2016,715 0 Published: April 8th 2016 skate macba barcelona design editorial magazine Zine vsco concrete series Travel minimal Minimalism skateboarding spain,2026-02-26 20:26:23
Macba Life skate pendant - Gold,https://macbalife.com/product/macba-life-skate-pendant-gold/,,"In stock Quantity - + Add to cart Buy Now Share Macba Life skate pendant - Gold 94,95 ‚Ç¨ Add to Cart Shipping and Returns",2026-02-26 20:26:23
Best Barcelona Skatespots - Sant Jordi Hostels,https://www.santjordihostels.com/best-barcelona-skatespots/,2017-10-05T14:26:05+00:00,"Macba Skatespot MACBA is the mecca, really. Recognised by skates across the globe, The Museum of Contemporary Art is without a doubt the number one skate spot in Barcelona. Why is it so famous? Well, in the late 90's it was featured in a movie called 'Misled Youth'.",2026-02-26 20:26:23
Shop Macba Life clothing online | skatedeluxe skate shop,https://www.skatedeluxe.com/en/b/macba-life-shop,,"Macba Life With T-shirts, hoodies, beanies, caps & griptape from Macba Life, you're not just paying homage to an iconic spot, but to an entire scene as well. The Macba Life clothing, accessories & skate goods impress with a clear and simple design - just like the architecture of the spot itself.",2026-02-26 20:26:23
"Macba Life Hot 8.1"" Skateboard Deck | Zumiez",https://www.zumiez.com/macba-life-hot-8-1-skateboard-deck.html,,"The Hot skateboard deck arrives in an 8.1"" width from Macba Life, designed with a mellow concave and a popular size using a 32"" length and a 14"" wheelbase. Designed to skate the famous Macba art museum in Barcelona, the Hot deck displays vibrant pink",2026-02-26 20:26:23
"MACBA Montage by ""Doobii"" | SESSION: Skate Sim - YouTube",https://www.youtube.com/watch?v=Z8GjuMPauIk,2024-08-05T22:02:40-07:00,"MACBA Montage by ""Doobii"" | SESSION: Skate Sim Puzzled Peach discord server: / discord ...more",2026-02-26 20:26:23
Macba Life Cans 8.3 ÃÅ Skateboard,https://macbalife.com/product/macba-life-cans-8-3-skateboard/,,"Macba Life Cans 8.3¬¥ Skateboard 64,95 ‚Ç¨ 49,95 ‚Ç¨ Add to Cart Shipping and Returns",2026-02-26 20:26:23
Skater XL | BARCELONA (NEW MACBA MAP) - YouTube,https://www.youtube.com/watch?v=6lP70iCfkf4,2019-01-24T04:26:32-08:00,Shout out to Skate 3 City! He's got some amazing videos up on his channel / @ogsxl Newest skater XL map at MACBA Barcelona Thanks to the Skater XL Discord for the map. ‚Ä¶...more,2026-02-26 20:26:23
