title,url,date,description,query
168 4L @LilZaki168 · Feb 28,https://x.com/LilZaki168/status/2027800896558584270,2026-02-28T17:39:43.000Z,Jugando al true skate en el mapa de macba en macba,MACBA skate
Claudia Palma @unaklaudia · Feb 16,https://x.com/unaklaudia/status/2023171263896711394,2026-02-15T23:03:12.000Z,"Consideren como ejemplo al MACBA en Barcelona, especialmente la Plaza de los Ángeles. Su arquitectura minimalista -suelo liso, planos inclinados, y escaleras amplias- lo hizo ideal para el street skate. Galería x dentro, cultura viva x fuera. Resignifiquemos el espacio público.",MACBA skate
HopefulofNFTs @HopefulofNFTs · Feb 6,https://x.com/HopefulofNFTs/status/2019679511802003477,2026-02-06T07:48:14.000Z,"Announcing ""Skate Style,"" a realistic physics-based skateboarding game from Zellah Games (led by ex-Skate City developer Daniel Zeller), featuring dual-analog foot controls for precise tricks and manuals in recreated spots like Barcelona's MACBA.A standout feature is the",MACBA skate
logicgate @thelogicalgate · Feb 6,https://x.com/thelogicalgate/status/2019581309879034109,2026-02-06T01:18:00.000Z,Hey not sure if it was intentional but is there a reason why we can only play Macba in the tutorial and not in free skate after?,MACBA skate
"CIUTAT VILLIN’ @757doofus · Dec 16, 2025",https://x.com/757doofus/status/2000834271045673365,2025-12-16T07:43:58.000Z,Im now the guy that jus shows up to MACBA to skate flatground and do 5050s and im ngl it feels nice.,MACBA skate
"SuifutoRemon @SuifutoRemon · Dec 15, 2025",https://x.com/SuifutoRemon/status/2000519126754685092,2025-12-15T10:51:42.000Z,"Llamar niños a inmigrantes ilegales que lo único que saben hacer es robar.
Le menos delictivo que hacen es ponerse con el skate molestando al resto de transeúntes.
Hace como 10 años fui por la zona del Macba con una amiga de entonces y ya estaba infestado de “amego segarro”.",MACBA skate
"MargaB @MargaBTweet · Nov 21, 2025",https://x.com/MargaBTweet/status/1991705856443060371,2025-11-21T03:10:54.000Z,"Els ""skate"" al MACBA? Deu meu.",MACBA skate
"gigi ★★⁶⁵ @neozstellar · Nov 17, 2025",https://x.com/neozstellar/status/1990349700638355477,2025-11-17T09:22:02.000Z,mv grabado en el skate park del macba,MACBA skate
"gigi ★★⁶⁵ @neozstellar · Nov 6, 2025",https://x.com/neozstellar/status/1986449776980742499,2025-11-06T15:05:07.000Z,el es tan quedamos en el macba para darle al skate pff (se caería),MACBA skate
"David Freeman @F_DaVid_A · Sep 27, 2025",https://x.com/F_DaVid_A/status/1971838499478556947,2025-09-27T07:25:07.000Z,"Mira el hilo, subnormal. He mamado Raval desde los 18 y a todos los niveles. Comía cada semana en El Fidel, he cerrado el Manchester de Joaquim muchas veces, tengo medio armario del Flamingos y me pasaba tardes enteras con el skate en el Macba...",MACBA skate
"Orangegrass @Orangegrass3 · Sep 26, 2025",https://x.com/Orangegrass3/status/1971587105274069453,2025-09-26T14:46:10.000Z,Tenim l'skate park més car del món: el MACBA.,MACBA skate
"Ministylo @ministylo89 · Sep 26, 2025",https://x.com/ministylo89/status/1971525611559731663,2025-09-26T10:41:49.000Z,Skate. no tiene errores de conexión. Esta en modo MACBA predeterminado,MACBA skate
"kedicestio @UrLocalLoy · Sep 2, 2025",https://x.com/UrLocalLoy/status/1962984900723929520,2025-09-02T21:04:05.000Z,dale un cigarro y un skate y está garchomo spawnea por macba tirándole a menores,MACBA skate
"MR.GAUGHTER @MRGAUGHTER · Sep 2, 2025",https://x.com/MRGAUGHTER/status/1962975327644483865,2025-09-02T20:26:03.000Z,Funny I got robbed in Barcelona but I’m a true skater since 2012 and Damm right I’m going back 2026 I’ll be back in Barcelona baby and I will be skating Macba !!!! Best skate spot in the fucking world !!!!!,MACBA skate
"Paul @arpeegee · Sep 2, 2025",https://x.com/arpeegee/status/1962855916581036340,2025-09-02T12:31:33.000Z,one thing I like more as a skating teenager in THPS rather than Skate was the locations. You get to travel in these games. If you could cram Macba/Carlsbad/Trocadéro/NYC banks/Venice/Bangkok... in one game it'd be very cool,MACBA skate
"Marc G @MarcG1858245377 · Aug 23, 2025",https://x.com/MarcG1858245377/status/1959166447608848723,2025-08-23T08:10:55.000Z,"Tenen la plaça dels Àngels però allò no ho tocaran perquè quatre guiris pijos facin el merda amb la skate  i els quatre paràsits del Macba fassin de artista, però que has de saber tu que no saps ni on para el Raval",MACBA skate
"chakib @farfadetsombre · Jul 23, 2025",https://x.com/farfadetsombre/status/1948056226983776271,2025-07-23T16:22:52.000Z,Rien à foutre j’achète une planche faut ABSOLUMENT que je skate à Macba une fois ds ma vie #enfin #contratbakersoon,MACBA skate
"MorcillaDel @del_morcilla · Jul 10, 2025",https://x.com/del_morcilla/status/1943417578270933425,2025-07-10T21:10:32.000Z,I played a game of skate against J.Thomas at Macba and I was getting him to the ropes and then he said he was going to skate other spots with the team. Another time Papalardo confused me with P.J.Ladd at Paralel lol me and my bruh were tripping balls over it,MACBA skate
"CIUTAT VILLIN’ @757doofus · Jun 1, 2025",https://x.com/757doofus/status/1929149702819213487,2025-06-01T12:15:05.000Z,Macba getting easier to skate. I feel good about this.,MACBA skate
"CryptHauss @PierreH2S · May 13, 2025",https://x.com/PierreH2S/status/1922051790914175002,2025-05-12T22:10:31.000Z,Ce sont des skater Français au spot de skate MACBA,MACBA skate
"@pubcsb · May 12, 2025",https://x.com/pubcsb/status/1922045317316214982,2025-05-12T21:44:48.000Z,Macba a Barcelone spot de skate,MACBA skate
"Surya and Soul @suryaandsoul · Dec 31, 2025",https://x.com/suryaandsoul/status/2006334529611391463,2025-12-31T12:00:02.000Z,"Brayan Albarenga drops a killer new Thunder Trucks part showcasing insane board control, style, and raw talent from start to finish. Check it all out here",MACBA skateboarding
"Wizard of Gnars @WizardofGnars · Jul 25, 2025",https://x.com/WizardofGnars/status/1948850776253640850,2025-07-25T21:00:07.000Z,"From EMB to Hubba Hideout, these spots shaped skateboarding history. El Toro's 20 stairs tested the bravest, while Love Park defined an era. Wallenberg, Carlsbad, and China Banks each wrote their chapters. Burnside, Brooklyn Banks, and MACBA remain sacred grounds.",MACBA skateboarding
"Trickon @TrickonSports · Apr 1, 2025",https://x.com/TrickonSports/status/1907144647136219254,2025-04-01T18:54:51.000Z,"@TransWorldSKATE
 x Magba Life: Un tributo al skateboarding en Barcelona",MACBA skateboarding
"Boardiccion_es @Boardiccion_es · Apr 1, 2025",https://x.com/Boardiccion_es/status/1907042993216881017,2025-04-01T12:10:55.000Z,"El próximo jueves 3 de abril en Barcelona (The Station Bcn,  Carrer de Sant Bertran, 14, Local 1, Ciutat Vella, 08001 Barcelona).  Video premiere … Transworld Skateboarding + Macba Life. A partir de las 20:00
#skateboarding #skateboard #Barcelona 

https://
eventos.inseguridad.org/video-premiere
-transworld-macba-life/
…",MACBA skateboarding
"El Cuñado @Leosoki · Feb 26, 2025",https://x.com/Leosoki/status/1894883197588230504,2025-02-26T22:52:14.000Z,"SAVE MACBA 
https://
chng.it/tbKJWgzG via 
@change_es
 #sk8 #skateboarding #art #architecture #skate #MACBA",MACBA skateboarding
"Boardiccion_es @Boardiccion_es · Jan 7, 2025",https://x.com/Boardiccion_es/status/1876709573731479795,2025-01-07T19:16:44.000Z,"https://
eventos.inseguridad.org/se-acabaron-la
s-5-del-macba/
…
#skateboarding #skateboard",MACBA skateboarding
"Joakim Ekström @JoakimEkstroem · Jan 2, 2025",https://x.com/JoakimEkstroem/status/1874840976000504006,2025-01-02T15:31:36.000Z,"Purgatory.. 

#sidefx #houdini #skateboarding #redshift #redshift3d #lighting #cinematography #cg #3d #leftover #macba",MACBA skateboarding
"kim @cayoteee · Oct 17, 2024",https://x.com/cayoteee/status/1846911275277996496,2024-10-17T13:48:56.000Z,"Línea en el MACBA  #skateboarding #goskateboardingday #happy #skate... 
https://
youtube.com/shorts/GZtqQVG
Tepk?si=KWPTMOWqlJF-WjOV
… via 
@YouTube",MACBA skateboarding
"_sk8r @_sk8r · Sep 16, 2024",https://x.com/_sk8r/status/1835716304361464267,2024-09-16T16:24:07.000Z,"""MACBA Back to the 4"" Contest in Barcelona, Spain | Video Recap - Australian Skateboarding 
http://
dlvr.it/TDJQR8",MACBA skateboarding
"mariosk8 @mariosk814 · Jul 21, 2024",https://x.com/mariosk814/status/1815111443869843492,2024-07-21T19:47:46.000Z,"Went to MACBA to do this 
First try 
#skateboarding",MACBA skateboarding
"Dominic Hynard @dominic_hynard · Jul 9, 2024",https://x.com/dominic_hynard/status/1810701440362373144,2024-07-09T15:43:59.000Z,"It's officially banned at night due to noise, but the guardia are known for making their own times up so the curfew is generally nighttime 


https://
catalannews.com/society-scienc
e/item/barcelona-extends-nighttime-ban-on-skateboarding-beside-macba
…",MACBA skateboarding
"Czarface @Czarface42033 · Jun 18, 2024",https://x.com/Czarface42033/status/1803181590908117467,2024-06-18T21:42:47.000Z,Check out MACBA... Not for the art but for the skateboarding,MACBA skateboarding
"Boardriders @boardridersss · Feb 1, 2025",https://x.com/boardridersss/status/1885638232861266302,2025-02-01T10:36:02.000Z,"El skateboarding en Barcelona enfrenta un nuevo desafío. 

El icónico MACBA Skate Plaza podría cambiar para siempre con su próxima remodelación. ¿Ya sumaste tu apoyo? 


https://
change.org/p/save-macba?f
bclid=PAZXh0bgNhZW0CMTEAAaZSGUumUEnzB-0rb1PTvvDs1pnwdzZauKzoIXVnO7RQAzv28ifGBsYYBzY_aem_37SjhWGt_4_txGWLbu8DYA
…

#SaveMACBA #SkateboardingBarcelona #SkatePlaza #Skate #MACBA",MACBA barcelona skate
"Trickon @TrickonSports · Feb 1, 2025",https://x.com/TrickonSports/status/1885623367295758796,2025-02-01T09:36:58.000Z,"En peligro el #skateboarding en Barcelona. 

El skate plaza MACBA está en proyecto de remodelación completa...  ¿Ya firmaste?


https://
change.org/p/save-macba?f
bclid=PAZXh0bgNhZW0CMTEAAaZSGUumUEnzB-0rb1PTvvDs1pnwdzZauKzoIXVnO7RQAzv28ifGBsYYBzY_aem_37SjhWGt_4_txGWLbu8DYA
… #MACBA #skatelife",MACBA barcelona skate
"RTVE Notícies @rtvenoticies · Dec 15, 2024",https://x.com/rtvenoticies/status/1868285193246650547,2024-12-15T13:21:15.000Z,"A mitjans de gener començaran les obres d'ampliació del MACBA i s'allargaran 2 anys

  Uns treballs que afectaran la plaça dels Àngels, l'espai predilecte dels amants de l'skate |  
@rnavarrox
  
@MACBA_Barcelona
 

 Notícies a 
http://
rtve.cat",MACBA barcelona skate
"Eva Gea @eva_gea · May 13, 2024",https://x.com/eva_gea/status/1790074972364304870,2024-05-13T17:41:46.000Z,"13/20
MACBA - CORAZÓN DEL SKATE EN BARCELONA

Descubre cómo el Museo de Arte Contemporáneo de Barcelona combina arte vanguardista con una plaza icónica  para skaters. Un punto de encuentro único que refleja la vibrante  cultura urbana de Barcelona. #SkateBarcelona",MACBA barcelona skate
"Daniela Djuric @djuric_dan5976 · May 3, 2024",https://x.com/djuric_dan5976/status/1786449287498416556,2024-05-03T17:34:35.000Z,"during Corona Barcelona was completely different, locals only, it was way better than now, the Asians sexually harass women at MACBA now, go to the skate corner under the roof of MACBA or somewhere where there is CCTV so u dont get sexually harassed",MACBA barcelona skate
"Àlex Gutiérrez Páez @alexgutierrezpz · Mar 31, 2024",https://x.com/alexgutierrezpz/status/1774432844577681920,2024-03-31T13:45:32.000Z,"Parlem amb Dani Lebrón, jutge olímpic d'skate, comerços del Raval i 
@NoMacba
 per analitzar l'impacte que l'ampliació del museu tindria per a una de les icones mundials d'aquest esport.


@EFEnoticias
 via 
@elperiodico_cat",MACBA barcelona skate
"Phoenix Burns-lewis @meneitherl · Mar 24, 2024",https://x.com/meneitherl/status/1771849557304914207,2024-03-24T10:40:28.000Z,"3 Tricks in Barcelona  #skateboarding #skateboard #skate #macba #sk8 
https://
youtube.com/shorts/cOYJqES
VKgw?si=MyGpgpYoi6qrR0kE
… via 
@YouTube",MACBA barcelona skate
"AS Acción @AsAccion · Mar 11, 2024",https://x.com/AsAccion/status/1767276215415525458,2024-03-11T19:47:38.000Z,"El Ayuntamiento de Barcelona anuncia el proyecto con el que el mítico muro dejará de ser un paraíso skater para convertirse en zona de estancia y verde. 
http://
dozz.es/k_cjv2",MACBA barcelona skate
"Catalan News @catalannews · Mar 9, 2024",https://x.com/catalannews/status/1766538230889840853,2024-03-09T18:55:09.000Z,"| Barcelona targets world-famous unofficial skate park to end 'monopoly' of skaters

Redevelopment plans include new health center, MACBA expansion and more green spaces",MACBA barcelona skate
"Ignacio Araújo @IgnacioAraujo1 · Mar 8, 2024",https://x.com/IgnacioAraujo1/status/1766067014236283082,2024-03-08T11:42:42.000Z,"Adiós al 
@MACBA_Barcelona
 como epicentro mundial del skate  
https://
as.com/deportes_accio
n/urbano/adios-al-macba-como-epicentro-mundial-del-skate-n/
…",MACBA barcelona skate
"Catalan News @catalannews · Mar 4, 2024",https://x.com/catalannews/status/1764711438403117476,2024-03-04T17:56:08.000Z,"| Barcelona targets world-famous unofficial skate park to end 'monopoly' of skaters

Redevelopment plans include new health center, MACBA expansion and more green spaces",MACBA barcelona skate
"Ignasi Fortuny @ignasifortuny · Feb 23, 2025",https://x.com/ignasifortuny/status/1893752445911626088,2025-02-23T19:59:01.000Z,"Una mica d’història de la plaça del Macba més enllà del skate. Retorn als orígens de la llegenda. 

BACK TO THE CLASSICS:

Quan la plaça del Macba va ser l’oficina del trap 
https://
elperiodico.com/es/ocio-y-cult
ura/20250222/plaza-macba-skate-oficina-trap-pxxr-gvng-114476288?utm_source=twitter&utm_medium=social&utm_campaign=btn-share
… a través de 
@elperiodico",skate MACBA plaza
"CIUTAT VILLIN’ @757doofus · Jan 13, 2025",https://x.com/757doofus/status/1878772866461860184,2025-01-13T11:55:31.000Z,"AYYE, THEYRE TRYNA DESTROY MACBA. THE LAST DAYS COULD POTENTIALLY BE AMONG US FOR ENJOYING THIS CLASSIC SPOT. I KNO MAD HOMIES STILL HOPING TO COME AND SKATE IT IN PERSON. EVEN IF YOU NEVER SET FOOT HERE PLEASE LEND A SIGNATURE TO HELP SAVE THE PLAZA.",skate MACBA plaza
"El Periódico @elperiodico · Nov 9, 2022",https://x.com/elperiodico/status/1590314449998594048,2022-11-09T12:04:46.000Z,"Barcelona amplía el veto a los monopatines en la plaza del MACBA

 La práctica de 'skate' queda desterrada de 22 a 09 horas del amplio espacio público del Raval


http://
elperiodi.co/vhfvq1",skate MACBA plaza
"DailySkateTube.com @DailySkateTube1 · Nov 30, 2021",https://x.com/DailySkateTube1/status/1465771246679855106,2021-11-30T19:54:32.000Z,"KING OF MACBA 4 – Tiago Lemos VS Adriel Parmisano – Battle 15 – Final #Macba Life: Macba Life – RULES King of Macba is a game of skate where anything in the plaza count (ledge, stairs etc…) It’s one attempt each until the word MACBA is spelled out.… 
https://
dailyskatetube.com/video/king-of-
macba-4-tiago-lemos-vs-adriel-parmisano-battle-15-final-macba-life/
…",skate MACBA plaza
"DailySkateTube.com @DailySkateTube1 · Nov 28, 2021",https://x.com/DailySkateTube1/status/1464928321351806978,2021-11-28T12:05:03.000Z,"QUEEN OF MACBA – Monica Torres VS Marina Gabriela – Battle 7 – Final #Macba Life: Macba Life – RULES Queen of Macba is a game of skate where anything in the plaza count (ledge, stairs etc…) It’s one attempt each until the word MACBA is spelled out.… 
https://
dailyskatetube.com/video/queen-of
-macba-monica-torres-vs-marina-gabriela-battle-7-final-macba-life/
…",skate MACBA plaza
"DailySkateTube.com @DailySkateTube1 · Nov 25, 2021",https://x.com/DailySkateTube1/status/1463942449345167361,2021-11-25T18:47:33.000Z,"KING OF MACBA 4 – Blake Johnson VS Adriel Parmisano – Battle 14 – Semifinal 2 #Macba Life: Macba Life – RULES King of Macba is a game of skate where anything in the plaza count (ledge, stairs etc…) It’s one attempt each until the word MACBA is spelled… 
https://
dailyskatetube.com/video/king-of-
macba-4-blake-johnson-vs-adriel-parmisano-battle-14-semifinal-2-macba-life/
…",skate MACBA plaza
"DailySkateTube.com @DailySkateTube1 · Nov 22, 2021",https://x.com/DailySkateTube1/status/1462838169427087362,2021-11-22T17:39:32.000Z,"QUEEN OF MACBA – Cata Díaz VS Marina Gabriela – Battle 7 #Macba Life: Macba Life – RULES Queen of Macba is a game of skate where anything in the plaza count (ledge, stairs etc…) It’s one attempt each until the word MACBA is spelled out. Spots must be… 
https://
dailyskatetube.com/video/queen-of
-macba-cata-diaz-vs-marina-gabriela-battle-7-macba-life/
…",skate MACBA plaza
"DailySkateTube.com @DailySkateTube1 · Nov 18, 2021",https://x.com/DailySkateTube1/status/1461397810008395780,2021-11-18T18:16:04.000Z,"KING OF MACBA 4 – Gabriel Fortunato VS Tiago Lemos – Battle 13 – Semifinal 1 #Macba Life: Macba Life – RULES King of Macba is a game of skate where anything in the plaza count (ledge, stairs etc…) It’s one attempt each until the word MACBA is spelled… 
https://
dailyskatetube.com/video/king-of-
macba-4-gabriel-fortunato-vs-tiago-lemos-battle-13-semifinal-1-macba-life/
…",skate MACBA plaza
"DailySkateTube.com @DailySkateTube1 · Nov 15, 2021",https://x.com/DailySkateTube1/status/1460315801890668546,2021-11-15T18:36:33.000Z,"QUEEN OF MACBA – Monica Torres VS Indy Makkinje – Battle 5 #Macba Life: Macba Life – RULES Queen of Macba is a game of skate where anything in the plaza count (ledge, stairs etc…) It’s one attempt each until the word MACBA is spelled out. Spots must be… 
https://
dailyskatetube.com/video/queen-of
-macba-monica-torres-vs-indy-makkinje-battle-5-macba-life/
…",skate MACBA plaza
"MA  @Margaabella · Jan 16, 2023",https://x.com/Margaabella/status/1614957684163330050,2023-01-16T12:08:11.000Z,"@Pedro_Torrijos
 

Perdona fuiste tu quin hizo un hilo de la Plaza del MACBA en BCN hace unos años con una experiencia para cambiar usos urbanos … skater? 

Pués al cabo de los años todo volvió al 100% skate y los vecinos han hecho pressing i leo … q se acaba",skate MACBA plaza
"Walking the World @WalktheWorld111 · Jan 10, 2023",https://x.com/WalktheWorld111/status/1612586013007745026,2023-01-09T23:04:00.000Z,"You love to see it! I'm reminded of a visit to MACBA, which has a very popular skate scene. I couldn't understand my prof's disdain for the skaters utilizing an otherwise empty plaza.",skate MACBA plaza
Jordi Serracant Carré @JordiSerracant · Jan 26,https://x.com/JordiSerracant/status/2015740566152114263,2026-01-26T10:56:16.000Z,Els skaters del MACBA són guiris el més jove dels quals va fer els quaranta fa força anys.,MACBA skaters
Richard Kane @Ricard9000 · Jan 10,https://x.com/Ricard9000/status/2010069546254946308,2026-01-10T19:21:39.000Z,Al lado del Macba y el CCCB dos museos potentes en pleno Raval. En esa plaza estaban antaño los skaters ahora solo hay gente bebiendo y fumando porros,MACBA skaters
Albert Ribas @AlbertRibas85 · Jan 10,https://x.com/AlbertRibas85/status/2010034931418943681,2026-01-10T17:04:06.000Z,Avui he fet fotos als skaters del MACBA.,MACBA skaters
Albert Ribas @AlbertRibas85 · Jan 10,https://x.com/AlbertRibas85/status/2009974828460323099,2026-01-10T13:05:17.000Z,"Cervesa a la plaça d’Osca a Sants, concert a la Sala Taro. Entrepà al Conesa, la llibreria Sant Jordi, les obres de la Rambla, la Virreina. Els skaters del MACBA, l’exposició de Rodoreda al CCCB. Barcelona.",MACBA skaters
"Patricia @patgato · Dec 15, 2025",https://x.com/patgato/status/2000451460878782829,2025-12-15T06:22:49.000Z,"Al menos en esa plaza que has puesto, Laura, del MACBA, a metros de mi casa, se reúne lo más testoterónico del barrio: los skaters. Mi hija de joven intentó patinar y me contaba el machismo y el desprecio que desprendían hacia las jóvenes que iban. Ahorro adjetivos.",MACBA skaters
"Susuwatari @Susuwat64866929 · Nov 16, 2025",https://x.com/Susuwat64866929/status/1989872704351043933,2025-11-16T01:46:37.000Z,"la gente que va al MACBA, skaters, que solo sube historias de pelis, solo escucha björk y arka, y tiene la habitación llena de cds, dvds y vinilos, que sepáis que nadie os aguanta y que sois como cualquier otro gay de barna",MACBA skaters
"alvaro ✧ @alvarobarcena_ · Nov 12, 2025",https://x.com/alvarobarcena_/status/1988627672436527374,2025-11-12T15:19:18.000Z,"1- skaters del macba
2- argentinos
3- mientras estoy comiendo",MACBA skaters
"ioannis @_joancortess · Oct 27, 2025",https://x.com/_joancortess/status/1982759596558311747,2025-10-27T10:41:40.000Z,"tens als skaters del macba al costat, guanyes tu",MACBA skaters
"isabel @zemcfish · Oct 27, 2025",https://x.com/zemcfish/status/1982586309333180717,2025-10-26T23:13:05.000Z,bueno lo de macba me lo se porque veia videos de yutub de cuando iban skaters alli por pandemia ;-; ahora esta como el culo supongo,MACBA skaters
"4tu @La4tu · Aug 23, 2025",https://x.com/La4tu/status/1959209836874227999,2025-08-23T11:03:20.000Z,"Placeta de la massana, plaça sant agusti, davant macba (on nomes hi ha skaters foranis).

La plaça castella podria estar mes habilitada, hi ha una escola davant!!

Espai n'hi ha, poc, pero a mes estan bruuuts. Molt bruts i ocupats per gent amb problemes",MACBA skaters
"johnny cigarette @kaaavx · Jul 2, 2025",https://x.com/kaaavx/status/1940403718710870167,2025-07-02T13:34:32.000Z,skaters at macba,MACBA skaters
"Catalan News @catalannews · Apr 25, 2025",https://x.com/catalannews/status/1915727033172209685,2025-04-25T11:18:11.000Z,"MACBA expansion at the expense of skaters' community: 'We are citizens too' 

The museum's expansion will redesign the Plaça dels Angels, demolishing a very important global-known skating spot

More: 
https://
catalannews.com/society-scienc
e/item/macba-expansion-at-the-expense-of-skaters-community-we-are-citizens-too
…",MACBA skaters
"Catalan News @catalannews · Apr 24, 2025",https://x.com/catalannews/status/1915450679193112723,2025-04-24T17:00:03.000Z,"MACBA expansion at the expense of skaters' community: 'We are citizens too' 

The museum's expansion will redesign the Plaça dels Angels, demolishing a very important global-known skating spot

More: 
https://
catalannews.com/society-scienc
e/item/macba-expansion-at-the-expense-of-skaters-community-we-are-citizens-too
…",MACBA skaters
"@arch4ndroid · Apr 22, 2025",https://x.com/arch4ndroid/status/1914768555440038159,2025-04-22T19:49:32.000Z,Igual en Barcelona casi todos los que toman en las plazas y en el macba son skaters cuicos que se creen flaites,MACBA skaters
"tower eyerl @towereyer · Apr 21, 2025",https://x.com/towereyer/status/1914384159134331255,2025-04-21T18:22:05.000Z,"El Macba lo conozco por el festival Sonar de hace años y era zona de skaters, modernillos y gafapasta. Debería ser una zona segura, si ahora está así es por el abandono del ayuntamiento.",MACBA skaters
"Wiccan @Wiccan86 · Apr 21, 2025",https://x.com/Wiccan86/status/1914224615997456517,2025-04-21T07:48:07.000Z,"A la zona de MACBA también se le conoce como ""plaza de los skaters""... ¿quieres más infor o tienes suficiente?",MACBA skaters
"Wizard of Gnars @WizardofGnars · Feb 20, 2025",https://x.com/WizardofGnars/status/1892499465509929057,2025-02-20T09:00:08.000Z,Love Street in SF changed everything with those legendary handrails. El Toro's 20 stairs created legends. EMB spawned a whole generation of street warriors. Burnside DIY birthed the DIY movement. MACBA made Barcelona skating's mecca.,MACBA barcelona skating
"Presidenta ‍ @MadamedeValmont · Jan 10, 2025",https://x.com/MadamedeValmont/status/1877621506772983812,2025-01-10T07:40:26.000Z,Però per fer skating es treuen la barretina?,MACBA barcelona skating
"Sergio Rojo @sergiosrojo · Oct 12, 2024",https://x.com/sergiosrojo/status/1845089742469173554,2024-10-12T13:10:49.000Z,"Skating en el 
@MACBA_Barcelona",MACBA barcelona skating
"TT aka Titty @TTakaTitty · Aug 27, 2024",https://x.com/TTakaTitty/status/1828256766448017461,2024-08-27T02:22:35.000Z,#Macba in Barcelona is a dope place to hangout. Lots of space for lots of skating. #skatelife #barcelonaskating #socialearning,MACBA barcelona skating
"Eva Gea @eva_gea · May 18, 2024",https://x.com/eva_gea/status/1791845700579250371,2024-05-18T14:58:00.000Z,"13/20 MACBA - THE HEART OF SKATING IN BARCELONA

 Discover how the Barcelona Museum of Contemporary Art (MACBA) blends cutting-edge art with an iconic skating plaza. A unique meeting point that reflects Barcelona's vibrant urban culture. #SkateBarcelona",MACBA barcelona skating
"Kartikeya Kashiva @kkArtIkea · Mar 5, 2024",https://x.com/kkArtIkea/status/1764906912347222046,2024-03-05T06:52:52.000Z,"The greatest city on Earth for skaters! Saw so many people skateboarding Pl Universitat, Paral-lel and of course MACBA! I ended up skating for 3hours on my first day in Barcelona (forgot about the jet lag)",MACBA barcelona skating
"Poble lliure és poble fort II*II @PodemSi · Dec 12, 2023",https://x.com/PodemSi/status/1734361701124813303,2023-12-11T23:57:07.000Z,"I la Plaça del MACBA per a fer Skating al Raval. Que més necessiteu? Anava emprendre els veïns de la Ronda q volen descansar de manera innecessària. Potser q els nens al Raval dediquin una mica de temps a estudiar, llegir,  fer altres activitats. Organitzeu-los corals, danca",MACBA barcelona skating
"Josh @joshuaamoors · Oct 28, 2023",https://x.com/joshuaamoors/status/1718190657011937428,2023-10-28T08:59:09.000Z,Exact same outside the MACBA in Barcelona. Migrants sitting around outside and skating.,MACBA barcelona skating
"Mecenas, ou Luan @0xMecenas · Dec 13, 2022",https://x.com/0xMecenas/status/1602631943664836608,2022-12-13T11:50:05.000Z,"such an inspiring lesson bro!! Skating in Barcelona is one of my internal kid dreams still to be realized. 

Hope we can soon meet at macba and nail some sick tricks while making money in crypto  Dream life is coming for us man... one step at a time LFG",MACBA barcelona skating
"quez @0xQuez · Jun 18, 2022",https://x.com/0xQuez/status/1537993880116682760,2022-06-18T03:01:30.000Z,"when i was in barcelona, i didn’t know i had stumbled into an internationally recognized skating mecca. the energy at MACBA was infectious, and i was hooked. it’s a memory i cherish deeply, and i wanted to share it with you.

fnd link: 
https://
foundation.app/@0xQuez/obsrv/1",MACBA barcelona skating
"Beatnick Dee @BeatnickDee · Nov 25, 2020",https://x.com/BeatnickDee/status/1331708425064116224,2020-11-25T21:16:45.000Z,"Before music, skateboarding was my first love, and my first real passion. I’ve had incredible times with old friends skating all around the UK, SF, and LA, skating at MACBA in Barcelona at 16, as well as Paris and Bangkok. ⠀ ⠀ We went... 
https://
tmblr.co/ZqLTjtZIoU_MOi
00
…",MACBA barcelona skating
"Wayne Edge @wayneedge · May 9, 2020",https://x.com/wayneedge/status/1259177540280672257,2020-05-09T17:44:54.000Z,"This weekend should have been simonwood86 stag do in Barcelona. We would probably have been skating/partying at Macba right now  
I’m sure once things are somewhat back to normal (no matter how long it takes) we’ll… 
https://
instagram.com/p/B_-dgoNBRvi/
?igshid=cnje16b6nlrk
…",MACBA barcelona skating
"Not The Island @badgalmawmaw · Mar 28, 2020",https://x.com/badgalmawmaw/status/1243902925145071618,2020-03-28T14:09:02.000Z,"More b&w on film. I miss skating and I want to get better at it. 2017 #macba #barcelona #catalunya #spain #mercadodelaboqueria #sacrecoeur #paris #france #canonetql17 #kodaktmax400 #kodak #skate #analogphotography… 
https://
instagram.com/p/B-R7axNFXkP/
?igshid=14wlx0cs1deip
…",MACBA barcelona skating
"Делко @BakongoCitizen · Mar 23, 2020",https://x.com/BakongoCitizen/status/1242109237976797185,2020-03-23T15:21:34.000Z,"I miss skating. Skating was my best therapist. This picture was taken last year summer 2019 at 
@MACBA_Barcelona

#delmanypanda #skateboard #macba",MACBA barcelona skating
"Jantje @Jan65927070 · Jan 8, 2020",https://x.com/Jan65927070/status/1214974861577203714,2020-01-08T18:19:14.000Z,"@MACBA_Barcelona
 When I was 16, I was skating at MACBA, now I want to work there. I've created twitter account only to write this message. I want to intern with you. Internet helped many people to reach goals. I hope this time it will work as well. #JANTHEINTERN #WORKWITHME",MACBA barcelona skating
"Marc @mserarols · Dec 21, 2019",https://x.com/mserarols/status/1208490941990014976,2019-12-21T20:54:27.000Z,"#skating #barcelona @ MACBA Museu d'Art Contemporani de Barcelona 
https://
instagram.com/p/B6WT6G7oykw/
?igshid=wy2x1sld3afb
…",MACBA barcelona skating
"Jaime Saiz @xJaimeSaizx · Aug 30, 2021",https://x.com/xJaimeSaizx/status/1432428611945041925,2021-08-30T19:42:48.000Z,"Las plazas adyacentes al MACBA son una zona de patinaje de Barcelona. Es una sudadera de Nike SB, la división skateboarding (SB) de Nike. Mbappé está patrocinado por Nike.",patinaje MACBA barcelona
"Caligrafías urbanas @CaligrafiasU · Apr 20, 2012",https://x.com/CaligrafiasU/status/193220303982313472,2012-04-20T06:11:24.000Z,"Patinar no es un crimen: Pintada en los muros del Macba, uno de los centros del patinaje en Barcelona. Este muro... 
http://
bit.ly/JqPppo",patinaje MACBA barcelona
